Organization,Followed On
WSP,Fri Jun 12 02:15:12 UTC 2026
CMiC,Tue Jun 09 02:15:28 UTC 2026
Loewen,Sun Jun 07 18:34:11 UTC 2026
RRC Polytech,Tue Jun 02 17:45:34 UTC 2026
Gardewine,Tue Jun 02 17:40:50 UTC 2026
VARITE INC,Mon Jun 01 21:06:48 UTC 2026
Old Dutch Foods,Mon Jun 01 19:21:13 UTC 2026
CEMWorks Inc.,Mon Jun 01 14:37:29 UTC 2026
Praecipio,Thu May 28 12:55:48 UTC 2026
Advanis,Thu May 28 12:04:36 UTC 2026
Bass Pro Shops,Tue May 26 17:36:59 UTC 2026
Launch Coworking Space,Tue May 26 12:54:49 UTC 2026
Trillick Ventures,Tue May 26 11:55:46 UTC 2026
Manitoba Innovates,Mon May 25 23:07:42 UTC 2026
Evotrux,Wed May 20 03:38:06 UTC 2026
"Immigration, Refugees and Citizenship Canada / Immigration, Réfugiés et Citoyenneté Canada",Sat May 16 03:50:54 UTC 2026
Fable,Fri May 15 03:20:33 UTC 2026
IntouchCX,Thu May 14 02:21:09 UTC 2026
World Trade Centre Winnipeg,Wed May 13 11:39:25 UTC 2026
Manitoba Start,Tue May 12 17:28:39 UTC 2026
HazTrack Inc.,Mon May 11 22:09:24 UTC 2026
The Dufresne Group,Mon May 11 22:03:23 UTC 2026
Jobber,Mon May 11 20:46:06 UTC 2026
Wealthsimple,Mon May 11 20:46:03 UTC 2026
Jane App,Mon May 11 20:46:01 UTC 2026
Clio,Mon May 11 20:45:57 UTC 2026
7shifts,Mon May 11 20:45:54 UTC 2026
KayaPush,Mon May 11 20:45:55 UTC 2026
Push Operations,Mon May 11 20:44:16 UTC 2026
micro1,Mon May 11 20:36:16 UTC 2026
StruxHub,Thu May 07 12:54:18 UTC 2026
1Life Workplace Safety & Health,Wed May 06 21:18:04 UTC 2026
1Life Safety Software,Wed May 06 21:18:00 UTC 2026
Wiley,Mon May 04 12:42:11 UTC 2026
ConstructionClock App,Fri May 01 15:22:52 UTC 2026
Agriculture and Agri-Food Canada/ Agriculture et Agroalimentaire Canada,Wed Apr 29 19:11:57 UTC 2026
Freelance | Self-Employed,Wed Apr 29 01:39:12 UTC 2026
LinkedIn News,Tue Apr 28 15:27:13 UTC 2026
Job Bank Canada,Mon Apr 27 17:20:17 UTC 2026
The Home Depot,Sun Apr 26 12:54:20 UTC 2026
Quo,Fri Apr 24 15:46:14 UTC 2026
OFE - Opportunities for Employment,Fri Apr 24 14:06:04 UTC 2026
BotCircuits,Wed Apr 22 10:34:13 UTC 2026
Applicantz,Mon Apr 20 14:52:53 UTC 2026
impact.com,Mon Apr 13 17:21:05 UTC 2026
"Liquor, Gaming and Cannabis Authority of Manitoba",Thu Apr 09 13:02:26 UTC 2026
Quality Pulse Academy,Tue Mar 31 11:50:35 UTC 2026
"Zip, a puzzle by LinkedIn",Fri Mar 27 01:17:59 UTC 2026
Librestream,Thu Mar 26 23:48:12 UTC 2026
Shopify,Thu Mar 26 17:51:35 UTC 2026
LinkedIn Guide to Creating,Tue Mar 17 02:32:33 UTC 2026
Teckhorizon Inc,Thu Mar 05 01:35:24 UTC 2026
Crossing Hurdles,Tue Feb 24 03:53:34 UTC 2026
Playwright,Mon Feb 23 18:53:15 UTC 2026
Lumenalta,Mon Feb 02 22:03:56 UTC 2026
Niche Technology Inc.,Tue Jan 13 18:19:12 UTC 2026
Platned,Thu Oct 23 00:30:30 UTC 2025
CARSTAR Canada,Wed Oct 15 21:55:27 UTC 2025
Ceylon Cold Stores,Wed Oct 15 08:55:13 UTC 2025
Keen Transport & Logistics Inc.,Tue Oct 14 17:58:07 UTC 2025
Mint Ops,Wed Oct 01 02:10:59 UTC 2025
Akkodis,Mon Sep 22 22:41:17 UTC 2025
Lean Six Sigma,Thu Sep 18 13:04:20 UTC 2025
Gravity,Thu Sep 04 13:20:47 UTC 2025
Career Fair Canada,Tue Sep 02 16:58:31 UTC 2025
ISTQB® - International Software Testing Qualifications Board,Thu Aug 28 17:18:59 UTC 2025
Parker Hannifin,Mon Aug 25 17:27:56 UTC 2025
Manitoba Public Insurance,Wed Jul 30 12:53:14 UTC 2025
Research Manitoba,Wed Jul 23 12:25:54 UTC 2025
Qualitest,Tue Jul 22 01:21:44 UTC 2025
Walmart Canada,Tue Jun 24 03:59:40 UTC 2025
Air Canada,Tue Jun 24 03:59:39 UTC 2025
Loblaw Companies Limited,Tue Jun 24 03:59:36 UTC 2025
City of Winnipeg,Tue Jun 24 03:58:46 UTC 2025
The University of Winnipeg,Tue Jun 24 03:58:42 UTC 2025
RocketRez,Tue Jun 17 01:48:45 UTC 2025
The Home Depot Canada,Mon Apr 21 03:08:34 UTC 2025
Orakor Financial Services Inc.,Fri Apr 18 05:15:37 UTC 2025
Tecsys Inc.,Sat Feb 08 04:12:53 UTC 2025
PrecisionERP / PrecisionIT,Fri Dec 27 06:18:51 UTC 2024
HirefinderRPO,Fri Dec 27 06:17:16 UTC 2024
Manitoba Centre for Health Policy,Mon Oct 28 00:23:54 UTC 2024
Construction Safety Association of Manitoba,Thu Sep 12 17:18:39 UTC 2024
Smartrend Manufacturing Group (SMG),Thu Sep 12 15:34:21 UTC 2024
HEB MANITOBA,Tue Jul 30 21:48:30 UTC 2024
Operating Systems,Mon Jul 29 14:26:03 UTC 2024
Key Performance Indicators,Mon Jul 29 14:25:40 UTC 2024
Customer Satisfaction,Mon Jul 29 14:25:28 UTC 2024
Computer Hardware Troubleshooting,Mon Jul 29 14:25:13 UTC 2024
Price Industries,Mon Jul 22 17:35:53 UTC 2024
Payworks Payroll Services Canada,Fri May 03 17:59:06 UTC 2024
Bison Transport Inc.,Mon Feb 12 17:20:31 UTC 2024
Canada Goose,Mon Feb 05 16:29:02 UTC 2024
AutoCanada,Mon Feb 05 16:03:18 UTC 2024
Envoy Ortus,Wed Nov 08 14:44:42 UTC 2023
Brainstormers Inc.,Wed Nov 08 14:44:39 UTC 2023
ZOOMi Technologies Inc.,Fri Aug 18 23:53:22 UTC 2023
FixelMagic,Sun Jul 23 02:43:50 UTC 2023
Consultica,Wed Apr 19 14:05:41 UTC 2023
Brim Financial,Mon Apr 10 18:25:22 UTC 2023
Just Eat Takeaway.com,Sun Apr 09 04:32:52 UTC 2023
Work in Manitoba,Wed Mar 22 16:39:05 UTC 2023
PepsiCo,Tue Mar 14 15:16:45 UTC 2023
Software Quality Assurance,Sun Mar 12 09:19:05 UTC 2023
Software Testing,Sun Mar 12 07:48:07 UTC 2023
Software Installation,Sun Mar 12 07:47:19 UTC 2023
Customer Support,Sun Mar 12 07:32:38 UTC 2023
Test Automation,Sun Mar 12 07:04:04 UTC 2023
Zero To Mastery Academy,Fri Mar 03 18:18:17 UTC 2023
Get Hired by LinkedIn News,Tue Feb 21 01:29:04 UTC 2023
Deeded,Mon Jan 23 23:19:54 UTC 2023
Winnipeg Technology Ltd,Tue Jan 17 08:49:14 UTC 2023
Monarch Industries Limited,Mon Jan 02 04:52:14 UTC 2023
WIA Systems Inc,Sun Jan 01 09:42:37 UTC 2023
Softvil Technologies Sri Lanka,Fri Dec 30 14:21:19 UTC 2022
Rizing Consumer Industries,Thu Dec 29 06:53:31 UTC 2022
ZinCaT Technology,Mon Dec 12 06:38:01 UTC 2022
Surge Global,Fri Oct 21 02:39:25 UTC 2022
Acentura Inc,Fri Oct 21 02:20:15 UTC 2022
Axiata Digital Labs,Wed Oct 19 17:30:59 UTC 2022
Autodesk,Wed Oct 19 17:06:04 UTC 2022
CloudQ,Wed Oct 19 17:05:31 UTC 2022
Staff IT Solutions Inc,Wed Oct 19 17:04:27 UTC 2022
"Sunrise Systems, Inc.",Wed Oct 19 16:56:19 UTC 2022
Grubtech,Wed Oct 19 07:58:29 UTC 2022
CodeGen International,Wed Oct 19 07:55:27 UTC 2022
Westpay AB,Wed Oct 19 07:47:39 UTC 2022
Michelin,Mon Aug 15 07:02:50 UTC 2022
Ascentic,Tue Aug 09 14:04:56 UTC 2022
ITX360,Tue Aug 09 14:04:55 UTC 2022
WSO2,Tue Aug 09 14:04:54 UTC 2022
SYNERGEN Health,Tue Aug 09 14:04:52 UTC 2022
Great Place To Work Sri Lanka,Tue Aug 09 14:04:48 UTC 2022
LOLC Technologies,Tue Aug 02 06:50:44 UTC 2022
1 Billion Tech,Mon Aug 01 08:50:37 UTC 2022
"Postgraduate Institute of Science (PGIS), University of Peradeniya",Mon Aug 01 02:41:53 UTC 2022
Sysco LABS Sri Lanka,Mon Aug 01 02:40:03 UTC 2022
LiveAquaria,Fri Jul 29 15:02:21 UTC 2022
TestAutomationU,Fri Jul 29 02:50:08 UTC 2022
Avalon Graphics,Fri Jul 08 06:47:57 UTC 2022
Nimi,Wed Jun 22 02:35:39 UTC 2022
Moira Wedding Films,Fri Jun 10 07:23:33 UTC 2022
"Gaming Laboratories International, LLC",Sun May 08 04:41:13 UTC 2022
Mojio,Sun May 08 04:41:01 UTC 2022
Web Lankan,Wed Mar 09 07:29:32 UTC 2022
CIS International | Tropical Fish International | Teknowledge Shared Services | LiveAquaria,Wed Mar 09 04:21:49 UTC 2022
Digiratina Technology Solutions,Wed Feb 23 09:04:38 UTC 2022
PickMe,Wed Feb 23 09:02:48 UTC 2022
Government of Manitoba,Wed Feb 16 13:53:45 UTC 2022
Leadership First,Wed Feb 16 13:49:49 UTC 2022
"Faculty of Science, University of Manitoba",Sun Feb 13 06:50:59 UTC 2022
University of Manitoba,Sun Feb 13 06:50:40 UTC 2022
HCLTech Sri Lanka,Fri Feb 11 19:01:25 UTC 2022
Alezta Corporation,Wed Feb 02 18:17:51 UTC 2022
BAT,Mon Jan 17 08:32:26 UTC 2022
Toptal,Tue Nov 02 20:36:57 UTC 2021
Neo Financial,Tue Nov 02 20:36:56 UTC 2021
ioAirFlow,Tue Nov 02 20:36:55 UTC 2021
Callia,Tue Jan 24 04:03:33 UTC 2023
IMPACT IT,Sun Oct 24 05:23:25 UTC 2021
Udemy,Wed Sep 15 17:01:15 UTC 2021
Coursera,Wed Sep 15 17:01:13 UTC 2021
THREEWAY PRODUCTIONS (PVT) LTD,Fri Feb 05 03:53:30 UTC 2021
CBL Group,Sat Jan 09 05:24:19 UTC 2021
John Keells Consumer Foods Sector,Sat Jan 09 05:24:18 UTC 2021
Ceylon Tobacco Company PLC (CTC),Sat Jan 09 05:24:13 UTC 2021
Coca-Cola Beverages Sri Lanka,Sat Jan 09 05:24:10 UTC 2021
HEINEKEN Lanka Limited,Sun Jan 03 09:07:40 UTC 2021
Distilleries Company of Sri Lanka PLC,Sun Jan 03 09:07:35 UTC 2021
Lion Brewery (Ceylon) PLC,Sun Jan 03 09:07:33 UTC 2021
Rockland Distilleries (Pvt) Ltd,Sun Jan 03 09:07:31 UTC 2021
Gapstars,Wed Sep 16 01:24:10 UTC 2020
LinkedIn Learning,Wed Sep 16 01:18:19 UTC 2020
Hitachi Digital Payment Solutions Ltd.,Sun Aug 23 04:27:20 UTC 2020
Viyathmaga,Wed Aug 12 04:52:07 UTC 2020
Sana Commerce Sri Lanka,Sun Jul 26 18:26:14 UTC 2020
Cin7 Core,Sun Jul 26 18:21:32 UTC 2020
LAUGFS Holdings,Sat Jul 18 07:13:15 UTC 2020
Diesel & Motor Engineering PLC (DIMO),Sat Jul 18 07:06:30 UTC 2020
IFS,Sat Jul 18 07:06:28 UTC 2020
Vidullanka PLC,Tue Jul 14 20:02:11 UTC 2020
Afisol,Thu Apr 16 04:39:16 UTC 2020
Meta,Sat Feb 01 04:28:08 UTC 2020
TIQRI,Sat Feb 01 04:28:08 UTC 2020
Apple,Sat Feb 01 04:28:07 UTC 2020
CMS,Sat Feb 01 04:28:05 UTC 2020
VIDULLANKA PLC,Tue Oct 01 07:02:18 UTC 2019
LiveRoom Technologies,Tue Oct 01 07:01:47 UTC 2019
Calcey,Wed Sep 11 21:37:00 UTC 2019
Unilever,Wed Sep 11 21:35:08 UTC 2019
University of Peradeniya,Wed Sep 11 21:34:31 UTC 2019
Tesla,Wed Sep 11 21:31:02 UTC 2019
Beximco Pharmaceuticals PLC,Wed Sep 11 21:28:36 UTC 2019
TeKnowledge Inc,Thu Feb 14 22:28:51 UTC 2019
LSEG Technology,Thu Oct 11 15:51:01 UTC 2018
IFS Middle East & South Asia,Thu Mar 08 11:17:40 UTC 2018
Fortude,Tue Dec 26 03:59:20 UTC 2017
Defy Ventures,Wed Dec 20 11:50:00 UTC 2017
EFutures,Mon Nov 20 14:52:24 UTC 2017