CONVERSATION ID,CONVERSATION TITLE,FROM,SENDER PROFILE URL,TO,RECIPIENT PROFILE URLS,DATE,SUBJECT,CONTENT,FOLDER
2-ZjUyMGQ1OTEtZTMwZi00MTU4LTg1NmYtZDc5MThhNDA5NjZjXzEwMA==,,,,,,2026-06-06 22:57:37 UTC,,"<h2><b>Job match is high</b> - <a href='https://www.linkedin.com/jobs/view/4424219286'>Quality Assurance Analyst</a></h2><p>Your profile and resume seem to match well with the required qualifications. Based on my review of your information and similar applications on LinkedIn, you may be ready to apply.</p><p> </p><p><b>Matches 5 of the 6 required qualifications:</b></p><p>✓ A minimum two-year diploma in a related discipline from an accredited technology college, with a minimum of three years’ experience.</p><p>✓ Reasonable proficiency in Python.</p><p>✓ Reasonable proficiency in Windows Desktop Environment.</p><p>✓ Reasonable proficiency in PHP, SQL, JavaScript is considered an asset.</p><p>✓ Experience with GIT CI/CD pipelines is an asset.</p><p>? Reasonable proficiency in C++, C#, Fortran 90 and 95, and Windows Batch files is considered an asset.</p><p> </p><p><b>There are qualifications that will likely be evaluated in the application or interview:</b></p><p>• Must be self-motivated and have strong interpersonal and communication skills. Be capable of working closely with the Simulation Specialists to create new designs and implementation for advancing existing simulation technologies as well as introduce new ones.</p><p>• Must be innovative and capable of adapting to rapidly evolving conditions.</p><p>• Must possess a valid Manitoba driver’s license and current passport. Incumbent may be required to travel both domestic and international for short durations for related industry training, meetings, and conferences.</p>",INBOX
2-ZjUyMGQ1OTEtZTMwZi00MTU4LTg1NmYtZDc5MThhNDA5NjZjXzEwMA==,,,,,,2026-06-06 22:57:36 UTC,,Show match details,INBOX
2-ZDkxNThlMjQtMWNiZC00YzU1LTlhY2YtMjFjNTBmMGQ1NTc2XzEwMA==,,,,,,2026-06-01 12:42:49 UTC,,"<h2><b>Job match is high</b> - <a href='https://www.linkedin.com/jobs/view/4418297504'>Implementation Specialist</a></h2><p>Your profile and resume seem to match well with the required qualifications. Based on my review of your information and similar applications on LinkedIn, you may be ready to apply.</p><p> </p><p><b>Matches 2 of the 2 required qualifications:</b></p><p>✓ College or University Degree and 3 years of experience in an office setting.</p><p>✓ Proficient computer skills and knowledge of Microsoft Office, Word and Excel.</p><p> </p><p><b>Matches 1 of the 3 additional qualifications:</b></p><p>✓ Project management skills would be an asset.</p><p>? Prior experience in the Group Benefits industry would be an asset. (No mention of Group Benefits experience)</p><p>? French Bilingual would be an asset. (No mention of French language skills)</p><p> </p><p><b>There are qualifications that will likely be evaluated in the application or interview:</b></p><p>• Ability to multi-task and prioritize and work to deadlines to meet client and internal needs.</p><p>• Ability to work well under pressure and maintain a positive attitude at all times.</p><p>• Excellent problem solving and troubleshooting skills.</p><p>• Excellent communication skills, both written and verbal, to interact with internal and external clients.</p><p>• Keen attention to details. Accuracy and quality control are extremely important.</p><p>• Client focused with an unwavering commitment for service excellence.</p><p>• Accurate data entry is crucial for success in this role.</p>",INBOX
2-ZDkxNThlMjQtMWNiZC00YzU1LTlhY2YtMjFjNTBmMGQ1NTc2XzEwMA==,,,,,,2026-06-01 12:42:49 UTC,,Show match details,INBOX
2-NjAzNzBlYWUtYWY0ZS00NDI0LTk3YTQtN2EzZTVhMzAzZWVkXzEwMA==,,,,,,2026-05-28 12:50:18 UTC,,"<strong>These are general suggestions</strong> to help you stand out for the Test Administrator role at Pearson: <ul><li>Highlight your <strong>customer service experience</strong> and any relevant skills in your profile.</li><li>Emphasize your <strong>troubleshooting abilities</strong> and proficiency with Microsoft Office.</li><li>Consider adding any <strong>proctoring or invigilating experience</strong> you may have.</li></ul> Remember, these are general suggestions. Please adapt them to fit your unique experiences and qualifications.",INBOX
2-NjAzNzBlYWUtYWY0ZS00NDI0LTk3YTQtN2EzZTVhMzAzZWVkXzEwMA==,,,,,,2026-05-28 12:50:18 UTC,,Help me stand out,INBOX
2-MDcwN2E1NzUtYzRhYy00ZDU3LWJlNmYtZjAxMzRmZjM3ZmNkXzEwMA==,,,,,,2026-05-28 12:47:53 UTC,,I'm happy to draft an example cover letter based on your LinkedIn profile. This draft is just a starting point - please review and edit it before sending.,INBOX
2-MDcwN2E1NzUtYzRhYy00ZDU3LWJlNmYtZjAxMzRmZjM3ZmNkXzEwMA==,,,,,,2026-05-28 12:47:53 UTC,,Create a cover letter for this job,INBOX
2-MDcwN2E1NzUtYzRhYy00ZDU3LWJlNmYtZjAxMzRmZjM3ZmNkXzEwMA==,,,,,,2026-05-28 12:47:38 UTC,,"Here are some suggestions to help you stand out for the Junior QA Developer role at CadMakers: <strong>highlight your extensive experience</strong> in QA and automation, particularly with <strong>Selenium, Playwright, and Cypress</strong>. <ul><li>Emphasize your <strong>Master of Information Technology</strong> and <strong>BSc in Management Information Systems</strong>.</li><li>Showcase your <strong>collaboration skills</strong> and experience working in Agile/Scrum environments.</li><li>Highlight your <strong>impactful projects</strong> and achievements, such as reducing regression testing time by 45%.</li></ul> Remember, these are general suggestions. Please adapt them to fit your unique experiences and qualifications.",INBOX
2-MDcwN2E1NzUtYzRhYy00ZDU3LWJlNmYtZjAxMzRmZjM3ZmNkXzEwMA==,,,,,,2026-05-28 12:47:37 UTC,,Help me stand out,INBOX
2-MDcwN2E1NzUtYzRhYy00ZDU3LWJlNmYtZjAxMzRmZjM3ZmNkXzEwMA==,,,,,,2026-05-28 12:45:33 UTC,,I'm happy to draft an example cover letter based on your LinkedIn profile. This draft is just a starting point - please review and edit it before sending.,INBOX
2-MDcwN2E1NzUtYzRhYy00ZDU3LWJlNmYtZjAxMzRmZjM3ZmNkXzEwMA==,,,,,,2026-05-28 12:45:33 UTC,,Create cover letter,INBOX
2-NDZjMDA4NmQtYjQyZi00OGVlLWE2MTItYWRjODkzNmU1OWNmXzEwMA==,,,,,,2026-05-11 20:49:46 UTC,,"<h2><b>Job match is medium</b> - <a href='https://www.linkedin.com/jobs/view/4408455558'>QA Automation Engineer</a></h2><p>Your profile and resume match several of the required qualifications. After reviewing your information and application history on LinkedIn, you may want to refresh your profile or explore jobs that better align with your experience.</p><p> </p><p><b>Matches 3 of the 4 required qualifications:</b></p><p>✓ Hands-On Automation Experience: Solid, multi-year hands-on experience writing well-structured, maintainable test automation in one of our primary stacks (Playwright/TypeScript or Java/Selenium), with working familiarity in the other (enough to read it, contribute small changes, and reason about trade-offs).</p><p>✓ Test Design Thinking: Strong understanding of test design principles — comprehensive coverage, meaningful assertions, negative testing, and tests that verify actual application behavior.</p><p>✓ CI/CD Familiarity: Comfort with CI/CD integration and the infrastructure that supports automated testing at scale — enough to debug a broken pipeline alongside a product-team QA.</p><p>? Containerization: Experience with Docker and containerized test environments for consistent, reproducible test execution across local and CI environments. (No mention of Docker experience)</p><p> </p><p><b>Matches 5 of the 6 additional qualifications:</b></p><p>✓ Cross-Stack Depth: Strong working depth in both Playwright/TypeScript and Java/Selenium (rather than one primary + one familiar).</p><p>✓ Framework Authoring: Experience designing test frameworks from scratch (not just consuming and extending them) — packaging libraries for internal distribution, defining shared conventions, etc.</p><p>✓ Training Experience: Prior experience creating or contributing to training programs, workshops, or internal knowledge bases.</p><p>✓ Test Management Tools: Familiarity with test management tools and their integration into QA workflows.</p><p>✓ AI in Testing: Experience applying AI tools to enhance automation development, test creation, or defect analysis.</p><p>? Cross-Timezone Collaboration: Prior experience working as part of a globally-distributed team across multiple timezones. (No explicit mention of cross-timezone collaboration)</p><p> </p><p><b>There are qualifications that will likely be evaluated in the application or interview:</b></p><p>• Code Quality Discipline: The discipline to write and review clean, production-quality code that others can learn from and build upon.</p><p>• Code Review Instinct: A track record of reviewing other engineers' test code — spotting problems quickly, communicating fixes constructively, and raising the bar on a team's collective work.</p><p>• Communication & Pedagogy: Clear technical communication — you can write documentation that onboards others, explain technical decisions in plain language, and deliver training that lands across skill levels. You enjoy explaining things.</p><p>• Enablement Mindset: A genuine interest in helping others improve — you enjoy pairing, reviewing work constructively, and building materials that make the next person's job easier.</p><p>• Tooling Judgement: A thoughtful, opinionated relationship with your tools — you can articulate why a stack or approach is the right fit (or isn't) for a given problem, grounded in real experience.</p><p>• AI Awareness: Familiarity with AI-assisted development tools and a willingness to explore how AI can improve testing workflows for the teams you support.</p>",INBOX
2-NDZjMDA4NmQtYjQyZi00OGVlLWE2MTItYWRjODkzNmU1OWNmXzEwMA==,,,,,,2026-05-11 20:49:45 UTC,,Show match details,INBOX
